roc_auc,pr_auc,precision,recall,f1,accuracy
0.7643533759390235,0.40284958168339546,0.26235435918039374,0.6172022684310019,0.368198477586693,0.752156602521566
