roc_auc,pr_auc,precision,recall,f1,accuracy
0.7767124795664839,0.43720999979508507,0.2757085020242915,0.6436672967863895,0.38605442176870747,0.7604777175716023
