model,roc_auc,pr_auc,threshold
DecisionTree,0.7784315582264951,0.4133981056264595,0.5
